{
	"route__net": 228,
	"route__net__special": 2,
	"route__drc_errors__iter:1": 305,
	"route__wirelength__iter:1": 18256,
	"route__drc_errors__iter:2": 177,
	"route__wirelength__iter:2": 18184,
	"route__drc_errors__iter:3": 158,
	"route__wirelength__iter:3": 18221,
	"route__drc_errors__iter:4": 52,
	"route__wirelength__iter:4": 18227,
	"route__drc_errors__iter:5": 42,
	"route__wirelength__iter:5": 18250,
	"route__drc_errors__iter:6": 25,
	"route__wirelength__iter:6": 18258,
	"route__drc_errors__iter:7": 0,
	"route__wirelength__iter:7": 18238,
	"route__drc_errors": 0,
	"route__wirelength": 18238,
	"route__vias": 2240,
	"route__vias__singlecut": 2240,
	"route__vias__multicut": 0,
	"design__io": 29,
	"design__die__area": 10000,
	"design__core__area": 6761.48,
	"design__instance__count": 303,
	"design__instance__area": 1714.14,
	"design__instance__count__stdcell": 303,
	"design__instance__area__stdcell": 1714.14,
	"design__instance__count__macros": 0,
	"design__instance__area__macros": 0,
	"design__instance__utilization": 0.253516,
	"design__instance__utilization__stdcell": 0.253516,
	"flow__warnings__count": 12,
	"flow__errors__count": 0
}