{
	"route__net": 1498,
	"route__net__special": 2,
	"route__drc_errors__iter:1": 1312,
	"route__wirelength__iter:1": 875458,
	"route__drc_errors__iter:2": 504,
	"route__wirelength__iter:2": 875550,
	"route__drc_errors__iter:3": 361,
	"route__wirelength__iter:3": 875596,
	"route__drc_errors__iter:4": 2,
	"route__wirelength__iter:4": 875675,
	"route__drc_errors__iter:5": 0,
	"route__wirelength__iter:5": 875674,
	"route__drc_errors": 0,
	"route__wirelength": 875674,
	"route__vias": 20453,
	"route__vias__singlecut": 20453,
	"route__vias__multicut": 0,
	"design__io": 20,
	"design__die__area": 422500,
	"design__core__area": 399721,
	"design__instance__count": 9220,
	"design__instance__area": 35505.3,
	"design__instance__count__stdcell": 9220,
	"design__instance__area__stdcell": 35505.3,
	"design__instance__count__macros": 0,
	"design__instance__area__macros": 0,
	"design__instance__utilization": 0.0888252,
	"design__instance__utilization__stdcell": 0.0888252,
	"flow__warnings__count": 10,
	"flow__errors__count": 0
}