{
	"route__net": 42,
	"route__net__special": 2,
	"route__drc_errors__iter:1": 5,
	"route__wirelength__iter:1": 805,
	"route__drc_errors__iter:2": 0,
	"route__wirelength__iter:2": 792,
	"route__drc_errors": 0,
	"route__wirelength": 792,
	"route__vias": 200,
	"route__vias__singlecut": 200,
	"route__vias__multicut": 0,
	"design__io": 18,
	"design__die__area": 1970.64,
	"design__core__area": 829.546,
	"design__instance__count": 41,
	"design__instance__area": 192.685,
	"design__instance__count__stdcell": 41,
	"design__instance__area__stdcell": 192.685,
	"design__instance__count__macros": 0,
	"design__instance__area__macros": 0,
	"design__instance__utilization": 0.232278,
	"design__instance__utilization__stdcell": 0.232278,
	"flow__warnings__count": 12,
	"flow__errors__count": 0
}