{
	"route__net": 244,
	"route__net__special": 2,
	"route__drc_errors__iter:1": 283,
	"route__wirelength__iter:1": 18441,
	"route__drc_errors__iter:2": 175,
	"route__wirelength__iter:2": 18310,
	"route__drc_errors__iter:3": 162,
	"route__wirelength__iter:3": 18375,
	"route__drc_errors__iter:4": 50,
	"route__wirelength__iter:4": 18488,
	"route__drc_errors__iter:5": 2,
	"route__wirelength__iter:5": 18490,
	"route__drc_errors__iter:6": 0,
	"route__wirelength__iter:6": 18483,
	"route__drc_errors": 0,
	"route__wirelength": 18483,
	"route__vias": 2353,
	"route__vias__singlecut": 2353,
	"route__vias__multicut": 0,
	"design__io": 19,
	"design__die__area": 10000,
	"design__core__area": 6761.48,
	"design__instance__count": 343,
	"design__instance__area": 2242.15,
	"design__instance__count__stdcell": 343,
	"design__instance__area__stdcell": 2242.15,
	"design__instance__count__macros": 0,
	"design__instance__area__macros": 0,
	"design__instance__utilization": 0.331606,
	"design__instance__utilization__stdcell": 0.331606,
	"flow__warnings__count": 10,
	"flow__errors__count": 0
}